Unicode Code,Glyph,Type,Case,Transformations,Base,Additions
U+0250,…ê,Letter,Small,Turned,A,
U+0251,…ë,Letter,Small,None,ALPHA,
U+0252,…í,Letter,Small,Turned,ALPHA,
U+0253,…ì,Letter,Small,None,B,HOOK
U+0254,…î,Letter,Small,None,OPEN O,
U+0255,…ï,Letter,Small,None,C,CURL
U+0256,…ñ,Letter,Small,None,D,TAIL
U+0257,…ó,Letter,Small,None,D,HOOK
U+0258,…ò,Letter,Small,Reversed,E,
U+0259,…ô,Letter,Small,None,SCHWA,
U+025A,…ö,Letter,Small,None,SCHWA,HOOK
U+025B,…õ,Letter,Small,None,OPEN E,
U+025C,…ú,Letter,Small,Reversed,OPEN E,
U+025D,…ù,Letter,Small,Reversed,OPEN E,HOOK
U+025E,…û,Letter,Small,Reversed,CLOSED  OPEN E,
U+025F,…ü,Letter,Small,None,DOTLESS J,STROKE
U+0260,…†,Letter,Small,None,G,HOOK
U+0261,…°,Letter,Small,None,SCRIPT G,
U+0262,…¢,Letter,SmallCap,None,G,
U+0263,…£,Letter,Small,None,GAMMA,
U+0264,…§,Letter,Small,None,RAMS HORN,
U+0265,…•,Letter,Small,Turned,H,
U+0266,…¶,Letter,Small,None,H,HOOK
U+0267,…ß,Letter,Small,None,HENG,HOOK
U+0268,…®,Letter,Small,None,I,STROKE
U+0269,…©,Letter,Small,None,IOTA,
U+026A,…™,Letter,SmallCap,None,I,
U+026B,…´,Letter,Small,None,L,MIDDLE TILDE
U+026C,…¨,Letter,Small,None,L,BELT
U+026D,…≠,Letter,Small,None,L,RETROFLEX HOOK
U+026E,…Æ,Letter,Small,None,LEZH,
U+026F,…Ø,Letter,Small,Turned,M,
U+0270,…∞,Letter,Small,Turned,M,LONG LEG
U+0271,…±,Letter,Small,None,M,HOOK
U+0272,…≤,Letter,Small,None,N,LEFT HOOK
U+0273,…≥,Letter,Small,None,N,RETROFLEX HOOK
U+0274,…¥,Letter,SmallCap,None,N,
U+0275,…µ,Letter,Small,None,BARRED O,
U+0276,…∂,Letter,SmallCap,None,OE,
U+0277,…∑,Letter,Small,None,CLOSED OMEGA,
U+0278,…∏,Letter,Small,None,PHI,
U+0279,…π,Letter,Small,Turned,R,
U+027A,…∫,Letter,Small,Turned,R,LONG LEG
U+027B,…ª,Letter,Small,Turned,R,HOOK
U+027C,…º,Letter,Small,None,R,LONG LEG
U+027D,…Ω,Letter,Small,None,R,TAIL
U+027E,…æ,Letter,Small,None,R,FISHHOOK
U+027F,…ø,Letter,Small,Reversed,R,FISHHOOK
U+0280, Ä,Letter,SmallCap,None,R,
U+0281, Å,Letter,SmallCap,None,INVERTED R,
U+0282, Ç,Letter,Small,None,S,HOOK
U+0283, É,Letter,Small,None,ESH,
U+0284, Ñ,Letter,Small,None,DOTLESS J,STROKE AND HOOK
U+0285, Ö,Letter,Small,Reversed,SQUAT  ESH,
U+0286, Ü,Letter,Small,None,ESH,CURL
U+0287, á,Letter,Small,Turned,T,
U+0288, à,Letter,Small,None,T,RETROFLEX HOOK
U+0289, â,Letter,Small,None,U BAR,
U+028A, ä,Letter,Small,None,UPSILON,
U+028B, ã,Letter,Small,None,V,HOOK
U+028C, å,Letter,Small,Turned,V,
U+028D, ç,Letter,Small,Turned,W,
U+028E, é,Letter,Small,Turned,Y,
U+028F, è,Letter,SmallCap,None,Y,
U+0290, ê,Letter,Small,None,Z,RETROFLEX HOOK
U+0291, ë,Letter,Small,None,Z,CURL
U+0292, í,Letter,Small,None,EZH,
U+0293, ì,Letter,Small,None,EZH,CURL
U+0294, î,Letter,None,None,GLOTTAL STOP,
U+0295, ï,Letter,None,None,PHARYNGEAL VOICED FRICATIVE,
U+0296, ñ,Letter,None,None,INVERTED GLOTTAL STOP,
U+0297, ó,Letter,None,None,STRETCHED C,
U+0298, ò,Letter,None,None,BILABIAL CLICK,
U+0299, ô,Letter,SmallCap,None,B,
U+029A, ö,Letter,Small,None,CLOSED OPEN E,
U+029B, õ,Letter,SmallCap,None,G,HOOK
U+029C, ú,Letter,SmallCap,None,H,
U+029D, ù,Letter,Small,None,J,CROSSED-TAIL
U+029E, û,Letter,Small,Turned,K,
U+029F, ü,Letter,SmallCap,None,L,
U+02A0, †,Letter,Small,None,Q,HOOK
U+02A1, °,Letter,None,None,GLOTTAL STOP,STROKE
U+02A2, ¢,Letter,None,Reversed,GLOTTAL STOP,STROKE
U+02A3, £,Letter,Small,None,DZ DIGRAPH,
U+02A4, §,Letter,Small,None,DEZH DIGRAPH,
U+02A5, •,Letter,Small,None,DZ DIGRAPH,CURL
U+02A6, ¶,Letter,Small,None,TS DIGRAPH,
U+02A7, ß,Letter,Small,None,TESH DIGRAPH,
U+02A8, ®,Letter,Small,None,TC DIGRAPH,CURL
U+02A9, ©,Letter,Small,None,FENG DIGRAPH,
U+02AA, ™,Letter,Small,None,LS DIGRAPH,
U+02AB, ´,Letter,Small,None,LZ DIGRAPH,
U+02AC, ¨,Letter,None,None,BILABIAL PERCUSSIVE,
U+02AD, ≠,Letter,None,None,BIDENTAL PERCUSSIVE,
U+02AE, Æ,Letter,Small,Turned,H,FISHHOOK
U+02AF, Ø,Letter,Small,Turned,H,FISHHOOK AND TAIL
U+1D00,·¥Ä,Letter,SmallCap,None,A,
U+1D01,·¥Å,Letter,SmallCap,None,AE,
U+1D02,·¥Ç,Letter,Small,Turned,AE,
U+1D03,·¥É,Letter,SmallCap,None,BARRED B,
U+1D04,·¥Ñ,Letter,SmallCap,None,C,
U+1D05,·¥Ö,Letter,SmallCap,None,D,
U+1D06,·¥Ü,Letter,SmallCap,None,ETH,
U+1D07,·¥á,Letter,SmallCap,None,E,
U+1D08,·¥à,Letter,Small,Turned,OPEN E,
U+1D09,·¥â,Letter,Small,Turned,I,
U+1D0A,·¥ä,Letter,SmallCap,None,J,
U+1D0B,·¥ã,Letter,SmallCap,None,K,
U+1D0C,·¥å,Letter,SmallCap,None,L,STROKE
U+1D0D,·¥ç,Letter,SmallCap,None,M,
U+1D0E,·¥é,Letter,SmallCap,Reversed,N,
U+1D0F,·¥è,Letter,SmallCap,None,O,
U+1D10,·¥ê,Letter,SmallCap,None,OPEN O,
U+1D11,·¥ë,Letter,Small,Sideways,SIDEWAYS O,
U+1D12,·¥í,Letter,Small,Sideways,SIDEWAYS OPEN O,
U+1D13,·¥ì,Letter,Small,Sideways,SIDEWAYS O,STROKE
U+1D14,·¥î,Letter,Small,Turned,OE,
U+1D15,·¥ï,Letter,SmallCap,None,OU,
U+1D16,·¥ñ,Letter,Small,None,TOP HALF O,
U+1D17,·¥ó,Letter,Small,None,BOTTOM HALF O,
U+1D18,·¥ò,Letter,SmallCap,None,P,
U+1D19,·¥ô,Letter,SmallCap,Reversed,R,
U+1D1A,·¥ö,Letter,SmallCap,Turned,R,
U+1D1B,·¥õ,Letter,SmallCap,None,T,
U+1D1C,·¥ú,Letter,SmallCap,None,U,
U+1D1D,·¥ù,Letter,Small,Sideways,SIDEWAYS U,
U+1D1E,·¥û,Letter,Small,Sideways,SIDEWAYS DIAERESIZED U,
U+1D1F,·¥ü,Letter,Small,"Turned, Sideways",SIDEWAYS  M,
U+1D20,·¥†,Letter,SmallCap,None,V,
U+1D21,·¥°,Letter,SmallCap,None,W,
U+1D22,·¥¢,Letter,SmallCap,None,Z,
U+1D23,·¥£,Letter,SmallCap,None,EZH,
U+1D24,·¥§,Letter,None,None,VOICED LARYNGEAL SPIRANT,
U+1D25,·¥•,Letter,None,None,AIN,
U+1D26,·¥¶,Letter,SmallCap,None,GAMMA,
U+1D27,·¥ß,Letter,SmallCap,None,LAMDA,
U+1D28,·¥®,Letter,SmallCap,None,PI,
U+1D29,·¥©,Letter,SmallCap,None,RHO,
U+1D2A,·¥™,Letter,SmallCap,None,PSI,
U+1D2B,·¥´,Letter,SmallCap,None,EL,
U+1D2C,·¥¨,Modifier,SmallCap,None,LETTER CAPITAL A,
U+1D2D,·¥≠,Modifier,SmallCap,None,LETTER CAPITAL AE,
U+1D2E,·¥Æ,Modifier,SmallCap,None,LETTER CAPITAL B,
U+1D2F,·¥Ø,Modifier,SmallCap,None,LETTER CAPITAL BARRED B,
U+1D30,·¥∞,Modifier,SmallCap,None,LETTER CAPITAL D,
U+1D31,·¥±,Modifier,SmallCap,None,LETTER CAPITAL E,
U+1D32,·¥≤,Modifier,SmallCap,Reversed,LETTER CAPITAL  E,
U+1D33,·¥≥,Modifier,SmallCap,None,LETTER CAPITAL G,
U+1D34,·¥¥,Modifier,SmallCap,None,LETTER CAPITAL H,
U+1D35,·¥µ,Modifier,SmallCap,None,LETTER CAPITAL I,
U+1D36,·¥∂,Modifier,SmallCap,None,LETTER CAPITAL J,
U+1D37,·¥∑,Modifier,SmallCap,None,LETTER CAPITAL K,
U+1D38,·¥∏,Modifier,SmallCap,None,LETTER CAPITAL L,
U+1D39,·¥π,Modifier,SmallCap,None,LETTER CAPITAL M,
U+1D3A,·¥∫,Modifier,SmallCap,None,LETTER CAPITAL N,
U+1D3B,·¥ª,Modifier,SmallCap,Reversed,LETTER CAPITAL  N,
U+1D3C,·¥º,Modifier,SmallCap,None,LETTER CAPITAL O,
U+1D3D,·¥Ω,Modifier,SmallCap,None,LETTER CAPITAL OU,
U+1D3E,·¥æ,Modifier,SmallCap,None,LETTER CAPITAL P,
U+1D3F,·¥ø,Modifier,SmallCap,None,LETTER CAPITAL R,
U+1D40,·µÄ,Modifier,SmallCap,None,LETTER CAPITAL T,
U+1D41,·µÅ,Modifier,SmallCap,None,LETTER CAPITAL U,
U+1D42,·µÇ,Modifier,SmallCap,None,LETTER CAPITAL W,
U+1D43,·µÉ,Modifier,Small,None,A,
U+1D44,·µÑ,Modifier,Small,Turned, A,
U+1D45,·µÖ,Modifier,Small,None,ALPHA,
U+1D46,·µÜ,Modifier,Small,Turned, AE,
U+1D47,·µá,Modifier,Small,None,B,
U+1D48,·µà,Modifier,Small,None,D,
U+1D49,·µâ,Modifier,Small,None,E,
U+1D4A,·µä,Modifier,Small,None,SCHWA,
U+1D4B,·µã,Modifier,Small,None,OPEN E,
U+1D4C,·µå,Modifier,Small,Turned, OPEN E,
U+1D4D,·µç,Modifier,Small,None,G,
U+1D4E,·µé,Modifier,Small,Turned, I,
U+1D4F,·µè,Modifier,Small,None,K,
U+1D50,·µê,Modifier,Small,None,M,
U+1D51,·µë,Modifier,Small,None,ENG,
U+1D52,·µí,Modifier,Small,None,O,
U+1D53,·µì,Modifier,Small,None,OPEN O,
U+1D54,·µî,Modifier,Small,None,TOP HALF O,
U+1D55,·µï,Modifier,Small,None,BOTTOM HALF O,
U+1D56,·µñ,Modifier,Small,None,P,
U+1D57,·µó,Modifier,Small,None,T,
U+1D58,·µò,Modifier,Small,None,U,
U+1D59,·µô,Modifier,Small,Sideways,SIDEWAYS U,
U+1D5A,·µö,Modifier,Small,Turned, M,
U+1D5B,·µõ,Modifier,Small,None,V,
U+1D5C,·µú,Modifier,Small,None,AIN,
U+1D5D,·µù,Modifier,Small,None,BETA,
U+1D5E,·µû,Modifier,Small,None,GREEK GAMMA,
U+1D5F,·µü,Modifier,Small,None,DELTA,
U+1D60,·µ†,Modifier,Small,None,GREEK PHI,
U+1D61,·µ°,Modifier,Small,None,CHI,
U+1D62,·µ¢,Subscript,Small,None,I,
U+1D63,·µ£,Subscript,Small,None,R,
U+1D64,·µ§,Subscript,Small,None,U,
U+1D65,·µ•,Subscript,Small,None,V,
U+1D66,·µ¶,Subscript,Small,None,BETA,
U+1D67,·µß,Subscript,Small,None,GAMMA,
U+1D68,·µ®,Subscript,Small,None,RHO,
U+1D69,·µ©,Subscript,Small,None,PHI,
U+1D6A,·µ™,Subscript,Small,None,CHI,
U+1D6B,·µ´,Letter,Small,None,UE,
U+1D6C,·µ¨,Letter,Small,None,B,MIDDLE TILDE
U+1D6D,·µ≠,Letter,Small,None,D,MIDDLE TILDE
U+1D6E,·µÆ,Letter,Small,None,F,MIDDLE TILDE
U+1D6F,·µØ,Letter,Small,None,M,MIDDLE TILDE
U+1D70,·µ∞,Letter,Small,None,N,MIDDLE TILDE
U+1D71,·µ±,Letter,Small,None,P,MIDDLE TILDE
U+1D72,·µ≤,Letter,Small,None,R,MIDDLE TILDE
U+1D73,·µ≥,Letter,Small,None,R,FISHHOOK AND MIDDLE TILDE
U+1D74,·µ¥,Letter,Small,None,S,MIDDLE TILDE
U+1D75,·µµ,Letter,Small,None,T,MIDDLE TILDE
U+1D76,·µ∂,Letter,Small,None,Z,MIDDLE TILDE
U+1D77,·µ∑,Letter,Small,Turned,G,
U+1D78,·µ∏,Modifier,None,None,LETTER CYRILLIC EN,
U+1D79,·µπ,Letter,Small,None,INSULAR G,
U+1D7A,·µ∫,Letter,Small,None,TH,STRIKETHROUGH
U+1D7B,·µª,Letter,SmallCap,None,I,STROKE
U+1D7C,·µº,Letter,Small,None,IOTA,STROKE
U+1D7D,·µΩ,Letter,Small,None,P,STROKE
U+1D7E,·µæ,Letter,SmallCap,None,U,STROKE
U+1D7F,·µø,Letter,Small,None,UPSILON,STROKE
U+1D80,·∂Ä,Letter,Small,None,B,PALATAL HOOK
U+1D81,·∂Å,Letter,Small,None,D,PALATAL HOOK
U+1D82,·∂Ç,Letter,Small,None,F,PALATAL HOOK
U+1D83,·∂É,Letter,Small,None,G,PALATAL HOOK
U+1D84,·∂Ñ,Letter,Small,None,K,PALATAL HOOK
U+1D85,·∂Ö,Letter,Small,None,L,PALATAL HOOK
U+1D86,·∂Ü,Letter,Small,None,M,PALATAL HOOK
U+1D87,·∂á,Letter,Small,None,N,PALATAL HOOK
U+1D88,·∂à,Letter,Small,None,P,PALATAL HOOK
U+1D89,·∂â,Letter,Small,None,R,PALATAL HOOK
U+1D8A,·∂ä,Letter,Small,None,S,PALATAL HOOK
U+1D8B,·∂ã,Letter,Small,None,ESH,PALATAL HOOK
U+1D8C,·∂å,Letter,Small,None,V,PALATAL HOOK
U+1D8D,·∂ç,Letter,Small,None,X,PALATAL HOOK
U+1D8E,·∂é,Letter,Small,None,Z,PALATAL HOOK
U+1D8F,·∂è,Letter,Small,None,A,RETROFLEX HOOK
U+1D90,·∂ê,Letter,Small,None,ALPHA,RETROFLEX HOOK
U+1D91,·∂ë,Letter,Small,None,D,HOOK AND TAIL
U+1D92,·∂í,Letter,Small,None,E,RETROFLEX HOOK
U+1D93,·∂ì,Letter,Small,None,OPEN E,RETROFLEX HOOK
U+1D94,·∂î,Letter,Small,Reversed,OPEN E,RETROFLEX HOOK
U+1D95,·∂ï,Letter,Small,None,SCHWA,RETROFLEX HOOK
U+1D96,·∂ñ,Letter,Small,None,I,RETROFLEX HOOK
U+1D97,·∂ó,Letter,Small,None,OPEN O,RETROFLEX HOOK
U+1D98,·∂ò,Letter,Small,None,ESH,RETROFLEX HOOK
U+1D99,·∂ô,Letter,Small,None,U,RETROFLEX HOOK
U+1D9A,·∂ö,Letter,Small,None,EZH,RETROFLEX HOOK
U+1D9B,·∂õ,Modifier,Small,Turned, ALPHA,
U+1D9C,·∂ú,Modifier,Small,None,C,
U+1D9D,·∂ù,Modifier,Small,None,C,CURL
U+1D9E,·∂û,Modifier,Small,None,ETH,
U+1D9F,·∂ü,Modifier,Small,Reversed, OPEN E,
U+1DA0,·∂†,Modifier,Small,None,F,
U+1DA1,·∂°,Modifier,Small,None,DOTLESS J,STROKE
U+1DA2,·∂¢,Modifier,Small,None,SCRIPT G,
U+1DA3,·∂£,Modifier,Small,Turned, H,
U+1DA4,·∂§,Modifier,Small,None,I,STROKE
U+1DA5,·∂•,Modifier,Small,None,IOTA,
U+1DA6,·∂¶,Modifier,SmallCap,None,I,
U+1DA7,·∂ß,Modifier,SmallCap,None,I,STROKE
U+1DA8,·∂®,Modifier,Small,None,J,CROSSED-TAIL
U+1DA9,·∂©,Modifier,Small,None,L,RETROFLEX HOOK
U+1DAA,·∂™,Modifier,Small,None,L,PALATAL HOOK
U+1DAB,·∂´,Modifier,SmallCap,None,L,
U+1DAC,·∂¨,Modifier,Small,None,M,HOOK
U+1DAD,·∂≠,Modifier,Small,Turned, M,LONG LEG
U+1DAE,·∂Æ,Modifier,Small,None,N,LEFT HOOK
U+1DAF,·∂Ø,Modifier,Small,None,N,RETROFLEX HOOK
U+1DB0,·∂∞,Modifier,SmallCap,None,N,
U+1DB1,·∂±,Modifier,Small,None,BARRED O,
U+1DB2,·∂≤,Modifier,Small,None,PHI,
U+1DB3,·∂≥,Modifier,Small,None,S,HOOK
U+1DB4,·∂¥,Modifier,Small,None,ESH,
U+1DB5,·∂µ,Modifier,Small,None,T,PALATAL HOOK
U+1DB6,·∂∂,Modifier,Small,None,U BAR,
U+1DB7,·∂∑,Modifier,Small,None,UPSILON,
U+1DB8,·∂∏,Modifier,SmallCap,None,U,
U+1DB9,·∂π,Modifier,Small,None,V,HOOK
U+1DBA,·∂∫,Modifier,Small,Turned, V,
U+1DBB,·∂ª,Modifier,Small,None,Z,
U+1DBC,·∂º,Modifier,Small,None,Z,RETROFLEX HOOK
U+1DBD,·∂Ω,Modifier,Small,None,Z,CURL
U+1DBE,·∂æ,Modifier,Small,None,EZH,
U+1DBF,·∂ø,Modifier,Small,None,THETA,
U+1DBC,·∂º,Modifier,Small,None,Z,RETROFLEX HOOK
U+2C60,‚±†,Letter,Capital,None,L,Double Bar,L
U+2C61,‚±°,Letter,Small,None,L,Double Bar,l
U+2C62,‚±¢,Letter,Capital,None,L,Middle Tilde,L
U+2C63,‚±£,Letter,Capital,None,P,Stroke,P
U+2C64,‚±§,Letter,Capital,None,R,Tail,R
U+2C65,‚±•,Letter,Small,None,A,Stroke,a
U+2C66,‚±¶,Letter,Small,None,T,Diagonal Stroke,t
U+2C67,‚±ß,Letter,Capital,None,H,Descender,H
U+2C68,‚±®,Letter,Small,None,H,Descender,h
U+2C69,‚±©,Letter,Capital,None,K,Descender,K
U+2C6A,‚±™,Letter,Small,None,K,Descender,k
U+2C6B,‚±´,Letter,Capital,None,Z,Descender,Z
U+2C6C,‚±¨,Letter,Small,None,Z,Descender,z
U+2C6D,‚±≠,Letter,Capital,None,Alpha,A
U+2C6E,‚±Æ,Letter,Capital,None,M,Hook,M
U+2C6F,‚±Ø,Letter,Capital,Turned,A,A
U+2C70,‚±∞,Letter,Capital,Turned,Alpha,A
U+2C71,‚±±,Letter,Small,None,V,Right Hook,v
U+2C72,‚±≤,Letter,Capital,None,W,Hook,W
U+2C73,‚±≥,Letter,Small,None,W,Hook,w
U+2C74,‚±¥,Letter,Small,None,V,Curl,v
U+2C75,‚±µ,Letter,Capital,None,Half H,H
U+2C76,‚±∂,Letter,Small,None,Half H,h
U+2C77,‚±∑,Letter,Small,None,Tailless Phi,…∏
U+2C78,‚±∏,Letter,Small,None,E,Notch,e
U+2C79,‚±π,Letter,Small,Turned,R,Tail,…π
U+2C7A,‚±∫,Letter,Small,None,O,Low Ring Inside,o
U+2C7B,‚±ª,Letter,SmallCap,Turned,E,…õ
U+2C7C,‚±º,Subscript,Small,None,J,j
U+2C7D,‚±Ω,Modifier Letter Capital V,V
U+2C7E,‚±æ,Letter,Capital,None,S,Swash Tail,S
U+2C7F,‚±ø,Letter,Capital,None,Z,Swash Tail,Z
U+A726,Íú¶,Letter,Capital,None,HENG,H
U+A727,Íúß,Letter,Small,None,HENG,h
U+A728,Íú®,Letter,Capital,None,TZ,T
U+A729,Íú©,Letter,Small,None,TZ,t
U+A72A,Íú™,Letter,Capital,None,TRESILLO,T
U+A72B,Íú´,Letter,Small,None,TRESILLO,t
U+A72C,Íú¨,Letter,Capital,None,CUATRILLO,C
U+A72D,Íú≠,Letter,Small,None,CUATRILLO,c
U+A72E,ÍúÆ,Letter,Capital,None,CUATRILLO,COMMA,C
U+A72F,ÍúØ,Letter,Small,None,CUATRILLO,COMMA,c
U+A730,Íú∞,Letter,SmallCap,None,F,F
U+A731,Íú±,Letter,SmallCap,None,S,S
U+A732,Íú≤,Letter,Capital,None,AA,A
U+A733,Íú≥,Letter,Small,None,AA,a
U+AB30,Í¨∞,Letter,Small,None,BARRED ALPHA,Œ±
U+AB31,Í¨±,Letter,Small,None,A REVERSED-SCHWA,…ê
U+AB32,Í¨≤,Letter,Small,None,BLACKLETTER E,ùî¢
U+AB33,Í¨≥,Letter,Small,None,BARRED E,…õ
U+AB34,Í¨¥,Letter,Small,None,E,FLOURISH,e
U+AB35,Í¨µ,Letter,Small,None,LENIS F,f
U+AB36,Í¨∂,Letter,Small,None,SCRIPT G,CROSSED-TAIL,g
U+AB37,Í¨∑,Letter,Small,None,L,INVERTED LAZY S,l
U+AB38,Í¨∏,Letter,Small,None,L,DOUBLE MIDDLE TILDE,l
U+AB39,Í¨π,Letter,Small,None,L,MIDDLE RING,l
U+AB3A,Í¨∫,Letter,Small,None,M,CROSSED-TAIL,m
U+AB3B,Í¨ª,Letter,Small,None,N,CROSSED-TAIL,n
U+AB3C,Í¨º,Letter,Small,None,ENG,CROSSED-TAIL,≈ã
U+AB3D,Í¨Ω,Letter,Small,None,BLACKLETTER O,ùî¨
U+AB3E,Í¨æ,Letter,Small,None,BLACKLETTER O,STROKE,ùî¨
U+AB3F,Í¨ø,Letter,Small,None,OPEN O,STROKE,…î
U+AB40,Í≠Ä,Letter,Small,None,INVERTED OE,≈ì
U+AB41,Í≠Å,Letter,Small,Turned,OE,STROKE,≈ì
U+AB42,Í≠Ç,Letter,Small,Turned,OE,HORIZONTAL STROKE,≈ì
U+AB43,Í≠É,Letter,Small,Turned,O OPEN-O,…î
U+AB44,Í≠Ñ,Letter,Small,Turned,O OPEN-O,STROKE,…î
U+AB45,Í≠Ö,Letter,Small,None,STIRRUP R,r
U+AB46,Í≠Ü,Letter,SmallCap,None,R,RIGHT LEG, Ä
U+AB47,Í≠á,Letter,Small,None,R WITHOUT HANDLE,r
U+AB48,Í≠à,Letter,Small,None,DOUBLE R,r
U+AB49,Í≠â,Letter,Small,None,R,CROSSED-TAIL,r
U+AB4A,Í≠ä,Letter,Small,None,DOUBLE R,CROSSED-TAIL,r
U+AB4B,Í≠ã,Letter,Small,None,SCRIPT R,r
U+AB4C,Í≠å,Letter,Small,None,SCRIPT R,RING,r
U+AB4D,Í≠ç,Letter,Small,None,BASELINE ESH, É
U+AB4E,Í≠é,Letter,Small,None,U,SHORT RIGHT LEG,u
U+AB4F,Í≠è,Letter,Small,None,U BAR,SHORT RIGHT LEG,u
U+AB50,Í≠ê,Letter,Small,None,UI,ui
U+AB51,Í≠ë,Letter,Small,Turned,UI,ui
U+AB52,Í≠í,Letter,Small,None,U,LEFT HOOK,u
U+AB53,Í≠ì,Letter,Small,None,CHI,œá
U+A734,Íú¥,Letter,Capital,None,AO,A
U+A735,Íúµ,Letter,Small,None,AO,a
U+A736,Íú∂,Letter,Capital,None,AU,A
U+A737,Íú∑,Letter,Small,None,AU,a
U+A738,Íú∏,Letter,Capital,None,AV,A
U+A739,Íúπ,Letter,Small,None,AV,a
U+A73A,Íú∫,Letter,Capital,None,AV,HORIZONTAL BAR,A
U+A73B,Íúª,Letter,Small,None,AV,HORIZONTAL BAR,a
U+A73C,Íúº,Letter,Capital,None,AY,A
U+A73D,ÍúΩ,Letter,Small,None,AY,a
U+A73E,Íúæ,Letter,Capital,None,REVERSED C,DOT,C
U+A73F,Íúø,Letter,Small,None,REVERSED C,DOT,c
U+A740,ÍùÄ,Letter,Capital,None,K,STROKE,K
U+A741,ÍùÅ,Letter,Small,None,K,STROKE,k
U+A742,ÍùÇ,Letter,Capital,None,K,DIAGONAL STROKE,K
U+A743,ÍùÉ,Letter,Small,None,K,DIAGONAL STROKE,k
U+A744,ÍùÑ,Letter,Capital,None,K,STROKE AND DIAGONAL STROKE,K
U+A745,ÍùÖ,Letter,Small,None,K,STROKE AND DIAGONAL STROKE,k
U+A746,ÍùÜ,Letter,Capital,None,BROKEN L,L
U+A747,Íùá,Letter,Small,None,BROKEN L,l
U+A748,Íùà,Letter,Capital,None,L,HIGH STROKE,L
U+A749,Íùâ,Letter,Small,None,L,HIGH STROKE,l
U+A74A,Íùä,Letter,Capital,None,O,LONG STROKE OVERLAY,O
U+A74B,Íùã,Letter,Small,None,O,LONG STROKE OVERLAY,o
U+A74C,Íùå,Letter,Capital,None,O,LOOP,O
U+A74D,Íùç,Letter,Small,None,O,LOOP,o
U+A74E,Íùé,Letter,Capital,None,OO,O
U+A74F,Íùè,Letter,Small,None,OO,o
U+A750,Íùê,Letter,Capital,None,P,STROKE THROUGH DESCENDER,P
U+A751,Íùë,Letter,Small,None,P,STROKE THROUGH DESCENDER,p
U+A752,Íùí,Letter,Capital,None,P,FLOURISH,P
U+A753,Íùì,Letter,Small,None,P,FLOURISH,p
U+A754,Íùî,Letter,Capital,None,P,SQUIRREL TAIL,P
U+A755,Íùï,Letter,Small,None,P,SQUIRREL TAIL,p
U+A756,Íùñ,Letter,Capital,None,Q,STROKE THROUGH DESCENDER,Q
U+A757,Íùó,Letter,Small,None,Q,STROKE THROUGH DESCENDER,q
U+A758,Íùò,Letter,Capital,None,Q,DIAGONAL STROKE,Q
U+A759,Íùô,Letter,Small,None,Q,DIAGONAL STROKE,q
U+A75A,Íùö,Letter,Capital,None,R ROTUNDA,R
U+A75B,Íùõ,Letter,Small,None,R ROTUNDA,r
U+A75C,Íùú,Letter,Capital,None,RUM ROTUNDA,R
U+A75D,Íùù,Letter,Small,None,RUM ROTUNDA,r
U+A75E,Íùû,Letter,Capital,None,V,DIAGONAL STROKE,V
U+A75F,Íùü,Letter,Small,None,V,DIAGONAL STROKE,v



